Currency1,Currency2,Domiciliation,Collateral Policy,Type,SubType,Extended Type,Rate Index,Tenor,Market Data Item
AUD,NONE,ANY,NONE,ANY,ANY,ANY,ANY,ANY,AUD 3M6M Curve(17548)
GBP,NONE,ANY,NONE,FX,ANY,ANY,ANY,ANY,GBP 6M LIBOR Curve(17055)
AED,NONE,ANY,NONE,ANY,ANY,ANY,ANY,ANY,AED 3M EIBOR Curve(19043)
GBP,NONE,ANY,NONE,SwapCrossCurrency,ANY,ANY,ANY,ANY,GBP 6M LIBOR Curve(17055)
JPY,NONE,ANY,NONE,FXSwap,ANY,ANY,ANY,ANY,JPY 3M with USD 3M Currency Basis(17054)
SAR,NONE,ANY,NONE,ANY,ANY,ANY,ANY,ANY,SAR 3M SAIBOR Curve(18044)
SGD,NONE,ANY,NONE,ANY,ANY,ANY,ANY,ANY,SGD 6M SOR Curve(19045)
GBP,NONE,ANY,NONE,FXSwap,ANY,ANY,ANY,ANY,GBP 6M LIBOR Curve(17055)
JPY,NONE,ANY,NONE,FX,ANY,ANY,ANY,ANY,JPY 3M with USD 3M Currency Basis(17054)
USD,NONE,ANY,NONE,Swap,ANY,ANY,FEDFUNDS,ANY,USD LIBOR 3M CURVE(17043)
INR,NONE,ANY,NONE,FacilityRepo,ANY,ANY,ANY,ANY,FXNDF_INR_MIFOR_6M_Curve_Last_New(38542)
USD,NONE,ANY,NONE,Swap,ANY,ANY,ANY,ANY,USD LIBOR 3M CURVE(17043)
ZAR,NONE,ANY,NONE,ANY,ANY,ANY,ANY,ANY,ZAR 3M JIBAR Curve(17545)
INR,NONE,ANY,NONE,Swap,ANY,ANY,INBMK,ANY,INR Onshore OIS Curve(19542)
EUR,NONE,ANY,NONE,FX,ANY,ANY,ANY,ANY,EUR 3M with USD 3M Currency Basis(17050)
EUR,NONE,ANY,NONE,ANY,ANY,ANY,ANY,ANY,EUR 3M with USD 3M Currency Basis(17050)
RUB,NONE,ANY,NONE,ANY,ANY,ANY,ANY,ANY,RUB 3M MOSPRIME Curve(19042)
INR,NONE,ANY,NONE,FXNDFSwap,ANY,ANY,ANY,ANY,FXNDF_INR_MIFOR_6M_Basis(37046)
EUR,NONE,ANY,NONE,FXSwap,ANY,ANY,ANY,ANY,EUR 3M with USD 3M Currency Basis(17050)
SEK,NONE,ANY,NONE,ANY,ANY,ANY,ANY,ANY,SEK 3M STIBOR Curve(18543)
INR,NONE,ANY,NONE,FXSwap,ANY,ANY,ANY,ANY,MIFOR 3M CURVE_New(34542)
EUR,NONE,ANY,NONE,Swap,ANY,ANY,ANY,ANY,EUR 3M with USD 3M Currency Basis(17050)
INR,NONE,ANY,NONE,Cash,ANY,ANY,ANY,ANY,INR MIFOR 6M Curve(17052)
NZD,NONE,ANY,NONE,ANY,ANY,ANY,ANY,ANY,NZD 3M NFIX3FRA Curve(17549)
INR,NONE,ANY,NONE,Swap,ANY,ANY,MIBOR,1D,INR Onshore OIS Curve(19542)
USD,NONE,ANY,NONE,Cash,ANY,ANY,ANY,ANY,USD LIBOR 3M CURVE(17043)
JPY,NONE,ANY,NONE,SwapCrossCurrency,ANY,ANY,ANY,ANY,JPY 3M with USD 3M Currency Basis(17054)
USD,NONE,ANY,NONE,Bond,ANY,ANY,ANY,ANY,USD 6M Curve for MIFOR(21542)
USD,NONE,ANY,NONE,FXSwap,ANY,ANY,ANY,ANY,USD LIBOR 3M CURVE(17043)
EUR,NONE,ANY,NONE,SwapCrossCurrency,ANY,ANY,ANY,ANY,EUR 3M with USD 3M Currency Basis(17050)
INR,NONE,ANY,NONE,Swap,ANY,ANY,MIFOR,6M,INR MIFOR 6M Curve(17052)
USD,NONE,ANY,NONE,ANY,ANY,ANY,ANY,ANY,USD LIBOR 3M CURVE(17043)
CAD,NONE,ANY,NONE,ANY,ANY,ANY,ANY,ANY,CAD 3M CDOR Curve(18042)
KWD,NONE,ANY,NONE,ANY,ANY,ANY,ANY,ANY,KWD DISC CURVE(33043)
GBP,NONE,ANY,NONE,Swap,ANY,ANY,ANY,ANY,GBP 6M LIBOR Curve(17055)
USD,NONE,ANY,NONE,FX,ANY,ANY,ANY,ANY,USD LIBOR 3M CURVE(17043)
DKK,NONE,ANY,NONE,ANY,ANY,ANY,ANY,ANY,DKK CIBOR6M Curve(18043)
EUR,NONE,ANY,NONE,FXForward,ANY,ANY,ANY,ANY,EUR 3M with USD 3M Currency Basis(17050)
INR,NONE,ANY,NONE,ANY,ANY,ANY,ANY,ANY,MIFOR 3M CURVE_New(34542)
INR,NONE,ANY,NONE,FX,ANY,ANY,ANY,ANY,MIFOR 3M CURVE_New(34542)
GBP,NONE,ANY,NONE,FXForward,ANY,ANY,ANY,ANY,GBP 6M LIBOR Curve(17055)
CHF,NONE,ANY,NONE,ANY,ANY,ANY,ANY,ANY,CHF 6M LIBOR Curve(17543)
GBP,NONE,ANY,NONE,ANY,ANY,ANY,ANY,ANY,GBP 6M LIBOR Curve(17055)
USD,NONE,ANY,NONE,FXForward,ANY,ANY,ANY,ANY,USD LIBOR 3M CURVE(17043)
JPY,NONE,ANY,NONE,ANY,ANY,ANY,ANY,ANY,JPY 3M with USD 3M Currency Basis(17054)
HKD,NONE,ANY,NONE,ANY,ANY,ANY,ANY,ANY,HKD 3M HIBOR Curve(17544)
JPY,NONE,ANY,NONE,Swap,ANY,ANY,ANY,ANY,JPY 3M with USD 3M Currency Basis(17054)
USD,NONE,ANY,NONE,SwapCrossCurrency,ANY,ANY,ANY,ANY,USD LIBOR 3M CURVE(17043)
INR,NONE,ANY,NONE,FXNDF,ANY,ANY,ANY,ANY,FXNDF_INR_MIFOR_6M_Basis(37046)
CNH,NONE,ANY,NONE,ANY,ANY,ANY,ANY,ANY,CNH 3M HIBOR Curve(18542)
JPY,NONE,ANY,NONE,FXForward,ANY,ANY,ANY,ANY,JPY 3M with USD 3M Currency Basis(17054)
