Currency,Index,Curve,,
AUD,FUNDING_CURRENCY.ANY.ANY.ANY.ANY,FUNDING_CURRENCY_AUD(28051),,
CAD,FUNDING_CURRENCY.ANY.ANY.ANY.ANY,FUNDING_CURRENCY_CAD(28043),,
CHF,FUNDING_CURRENCY.ANY.ANY.ANY.ANY,FUNDING_CURRENCY_CHF(28044),,
EUR,EURIBOR.6M.ANY.ANY.ANY,EUR 6M EURIBOR Curve(17047),,
EUR,FUNDING_CURRENCY.ANY.ANY.ANY.ANY,FUNDING_CURRENCY_EUR(28045),,
EUR,EURIBOR.3M.ANY.ANY.ANY,EUR 3M EURIBOR Curve(17044),,
EUR,EURIBOR.1M.ANY.ANY.ANY,EUR 1 Mth EURIBOR Curve(19071),,
EUR,EURIBOR.1Y.ANY.ANY.ANY,EUR 1Yr EURIBOR Curve(19069),,
GBP,LIBOR.1Y.ANY.ANY.ANY,GBP 1Y LIBOR Curve(19067),,
GBP,FUNDING_CURRENCY.ANY.ANY.ANY.ANY,FUNDING_CURRENCY_GBP(28046),,
GBP,LIBOR.6M.ANY.ANY.ANY,GBP 6M LIBOR Curve(17055),,
GBP,LIBOR.3M.ANY.ANY.ANY,GBP 3M LIBOR Curve(17045),,
GBP,LIBOR.1M.ANY.ANY.ANY,GBP 1M LIBOR Curve(19066),,
INR,FUNDING_CURRENCY.ANY.ANY.ANY.ANY,FUNDING_CURRENCY_INR(28042),,
INR,MIBOR.ANY.SwapCrossCurrency.ANY.ANY,INR Onshore OIS Curve(19542),,
INR,MIFOR.6M.ANY.ANY.ANY,INR MIFOR 6M Curve(17052),,
INR,INBMK.1Y.ANY.ANY.ANY,INR Onshore OIS Curve(19542),,
INR,MIBOR.1D.ANY.ANY.ANY,INR Onshore OIS Curve(19542),,
JPY,FUNDING_CURRENCY.ANY.ANY.ANY.ANY,FUNDING_CURRENCY_JPY(28047),,
JPY,LIBOR.6M.ANY.ANY.ANY,JPY 6M LIBOR Curve(17046),,
JPY,LIBOR.3M.ANY.ANY.ANY,JPY 3M LIBOR Curve(17053),,
JPY,LIBOR.1M.ANY.ANY.ANY,JPY 1 Mth LIBOR Curve(19070),,
SEK,FUNDING_CURRENCY.ANY.ANY.ANY.ANY,FUNDING_CURRENCY_SEK(28050),,
SGD,FUNDING_CURRENCY.ANY.ANY.ANY.ANY,FUNDING_CURRENCY_SGD(28048),,
USD,LIBOR.1Y.ANY.ANY.ANY,USD 12M LIBOR Curve(17049),,
USD,FUNDING_CURRENCY.ANY.ANY.ANY.ANY,FUNDING_CURRENCY_USD(28049),,
USD,FEDFUNDS.ANY.ANY.ANY.ANY,USDOIS Curve(26543),,
USD,LIBOR.6M.ANY.ANY.ANY,USD 6M LIBOR Curve(17048),,
USD,LIBOR.3M.ANY.ANY.ANY,USD LIBOR 3M CURVE(17043),,
USD,LIBOR.1M.ANY.ANY.ANY,USD 1 Mth LIBOR Curve(19068),,
ZAR,FUNDING_CURRENCY.ANY.ANY.ANY.ANY,FUNDING_CURRENCY_ZAR(31042),,
,,,,
,,,,
,,,,
,,,,
,,,,
,,,,
,,,,
,,,,
,,,,
,,,,
,,,,
,,,,
,,,,
,,,,
,,,,
,,,,
,,,,
,,,,
,,,,USD SOFR RFR CRV
